[
    { "prefecture_name": "HOKKAIDO", "shipping_fee": 2340, "region_id": 1 },
    { "prefecture_name": "AOMORI KEN", "shipping_fee": 1830, "region_id": 2 },
    { "prefecture_name": "IWATE KEN", "shipping_fee": 1830, "region_id": 2 },
    { "prefecture_name": "MIYAGI KEN", "shipping_fee": 1830, "region_id": 2 },
    { "prefecture_name": "AKITA KEN", "shipping_fee": 1830, "region_id": 2 },
    { "prefecture_name": "YAMAGATA KEN", "shipping_fee": 1830, "region_id": 2 },
    { "prefecture_name": "FUKUSHIMA KEN", "shipping_fee": 1830, "region_id": 2 },
    { "prefecture_name": "IBARAKI KEN", "shipping_fee": 999, "region_id": 3 },
    { "prefecture_name": "TOCHIGI KEN", "shipping_fee": 1830, "region_id": 3 },
    { "prefecture_name": "GUNMA KEN", "shipping_fee": 1830, "region_id": 3 },
    { "prefecture_name": "SAITAMA KEN", "shipping_fee": 999, "region_id": 3 },
    { "prefecture_name": "CHIBA KEN", "shipping_fee": 999, "region_id": 3 },
    { "prefecture_name": "KANAGAWA KEN", "shipping_fee": 1830, "region_id": 3 },
    { "prefecture_name": "YAMANASHI KEN", "shipping_fee": 1830, "region_id": 3 },
    { "prefecture_name": "TOKYO TO", "shipping_fee": 999, "region_id": 4 },
    { "prefecture_name": "NIIGATA KEN", "shipping_fee": 1830, "region_id": 5 },
    { "prefecture_name": "NAGANO KEN", "shipping_fee": 1830, "region_id": 5 },
    { "prefecture_name": "TOYAMA KEN", "shipping_fee": 1940, "region_id": 6 },
    { "prefecture_name": "ISHIKAWA KEN", "shipping_fee": 1830, "region_id": 6 },
    { "prefecture_name": "FUKUI KEN", "shipping_fee": 1830, "region_id": 6 },
    { "prefecture_name": "SHIZUOKA KEN", "shipping_fee": 1830, "region_id": 7 },
    { "prefecture_name": "AICHI KEN", "shipping_fee": 1830, "region_id": 7 },
    { "prefecture_name": "GIFU KEN", "shipping_fee": 1830, "region_id": 7 },
    { "prefecture_name": "MIE KEN", "shipping_fee": 1830, "region_id": 7 },
    { "prefecture_name": "NARA KEN", "shipping_fee": 1940, "region_id": 8 },
    { "prefecture_name": "SHIGA KEN", "shipping_fee": 1940, "region_id": 8 },
    { "prefecture_name": "KYOTO FU", "shipping_fee": 1940, "region_id": 8 },
    { "prefecture_name": "OSAKA FU", "shipping_fee": 1940, "region_id": 8 },
    { "prefecture_name": "HYOGO KEN", "shipping_fee": 1940, "region_id": 8 },
    { "prefecture_name": "WAKAYAMA KEN", "shipping_fee": 1940, "region_id": 8 },
    { "prefecture_name": "OKAYAMA KEN", "shipping_fee": 2080, "region_id": 9 },
    { "prefecture_name": "HIROSHIMA KEN", "shipping_fee": 2080, "region_id": 9 },
    { "prefecture_name": "TOTTORI KEN", "shipping_fee": 2080, "region_id": 9 },
    { "prefecture_name": "SHIMANE KEN", "shipping_fee": 2080, "region_id": 9 },
    { "prefecture_name": "YAMAGUCHI KEN", "shipping_fee": 2080, "region_id": 9 },
    { "prefecture_name": "TOKUSHIMA KEN", "shipping_fee": 2080, "region_id": 10 },
    { "prefecture_name": "KAGAWA KEN", "shipping_fee": 2080, "region_id": 10 },
    { "prefecture_name": "EHIME KEN", "shipping_fee": 2080, "region_id": 10 },
    { "prefecture_name": "KOCHI KEN", "shipping_fee": 2080, "region_id": 10 },
    { "prefecture_name": "FUKUOKA KEN", "shipping_fee": 2080, "region_id": 11 },
    { "prefecture_name": "SAGA KEN", "shipping_fee": 2340, "region_id": 11 },
    { "prefecture_name": "NAGASAKI KEN", "shipping_fee": 2340, "region_id": 11 },
    { "prefecture_name": "KUMAMOTO KEN", "shipping_fee": 2340, "region_id": 11 },
    { "prefecture_name": "OITA KEN", "shipping_fee": 2340, "region_id": 11 },
    { "prefecture_name": "MIYAZAKI KEN", "shipping_fee": 2340, "region_id": 11 },
    { "prefecture_name": "KAGOSHIMA KEN", "shipping_fee": 2340, "region_id": 11 },
    { "prefecture_name": "OKINAWA KEN", "shipping_fee": 2490, "region_id": 12 }
]
